# Recall, Prec, Spec, F1, PRAUC, AUC
7.735999999999999543e-01,7.735999999999999543e-01
8.722999999999999643e-01,8.912999999999999812e-01
9.325999999999999845e-01,9.437999999999999723e-01
8.199999999999999512e-01,8.283000000000000362e-01
8.842999999999999750e-01,8.919000000000000261e-01
9.056999999999999496e-01,9.053999999999999826e-01
